,LOCATION,INDICATOR,SUBJECT,MEASURE,FREQUENCY,TIME,Value,Flag Codes
0,AUS,CROPYIELD,WHEAT,TONNE_HA,A,2017,1.918,
1,AUS,CROPYIELD,WHEAT,TONNE_HA,A,2018,1.692,
2,AUS,CROPYIELD,WHEAT,TONNE_HA,A,2019,1.485,
3,AUS,CROPYIELD,WHEAT,TONNE_HA,A,2020,2.4,
4,AUS,CROPYIELD,WHEAT,TONNE_HA,A,2021,2.021,
5,AUS,CROPYIELD,WHEAT,TONNE_HA,A,2022,2.049,
6,AUS,CROPYIELD,WHEAT,TONNE_HA,A,2023,2.081,
7,AUS,CROPYIELD,WHEAT,TONNE_HA,A,2024,2.108,
8,AUS,CROPYIELD,WHEAT,TONNE_HA,A,2025,2.135,
9,AUS,CROPYIELD,WHEAT,TONNE_HA,A,2026,2.163,
10,AUS,CROPYIELD,WHEAT,TONNE_HA,A,2027,2.193,
11,AUS,CROPYIELD,WHEAT,TONNE_HA,A,2028,2.222,
12,AUS,CROPYIELD,WHEAT,TONNE_HA,A,2029,2.251,
13,AUS,CROPYIELD,WHEAT,TONNE_HA,A,2030,2.279,
14,CAN,CROPYIELD,WHEAT,TONNE_HA,A,2017,3.382,
15,CAN,CROPYIELD,WHEAT,TONNE_HA,A,2018,3.274,
16,CAN,CROPYIELD,WHEAT,TONNE_HA,A,2019,3.384,
17,CAN,CROPYIELD,WHEAT,TONNE_HA,A,2020,3.512,
18,CAN,CROPYIELD,WHEAT,TONNE_HA,A,2021,3.39,
19,CAN,CROPYIELD,WHEAT,TONNE_HA,A,2022,3.492,
20,CAN,CROPYIELD,WHEAT,TONNE_HA,A,2023,3.529,
21,CAN,CROPYIELD,WHEAT,TONNE_HA,A,2024,3.563,
22,CAN,CROPYIELD,WHEAT,TONNE_HA,A,2025,3.597,
23,CAN,CROPYIELD,WHEAT,TONNE_HA,A,2026,3.633,
24,CAN,CROPYIELD,WHEAT,TONNE_HA,A,2027,3.67,
25,CAN,CROPYIELD,WHEAT,TONNE_HA,A,2028,3.707,
26,CAN,CROPYIELD,WHEAT,TONNE_HA,A,2029,3.745,
27,CAN,CROPYIELD,WHEAT,TONNE_HA,A,2030,3.782,
28,JPN,CROPYIELD,WHEAT,TONNE_HA,A,2017,4.272,
29,JPN,CROPYIELD,WHEAT,TONNE_HA,A,2018,3.609,
30,JPN,CROPYIELD,WHEAT,TONNE_HA,A,2019,4.901,
31,JPN,CROPYIELD,WHEAT,TONNE_HA,A,2020,4.878,
32,JPN,CROPYIELD,WHEAT,TONNE_HA,A,2021,4.076,
33,JPN,CROPYIELD,WHEAT,TONNE_HA,A,2022,4.089,
34,JPN,CROPYIELD,WHEAT,TONNE_HA,A,2023,4.101,
35,JPN,CROPYIELD,WHEAT,TONNE_HA,A,2024,4.113,
36,JPN,CROPYIELD,WHEAT,TONNE_HA,A,2025,4.125,
37,JPN,CROPYIELD,WHEAT,TONNE_HA,A,2026,4.138,
38,JPN,CROPYIELD,WHEAT,TONNE_HA,A,2027,4.15,
39,JPN,CROPYIELD,WHEAT,TONNE_HA,A,2028,4.163,
40,JPN,CROPYIELD,WHEAT,TONNE_HA,A,2029,4.175,
41,JPN,CROPYIELD,WHEAT,TONNE_HA,A,2030,4.188,
42,KOR,CROPYIELD,WHEAT,TONNE_HA,A,2017,4.032,
43,KOR,CROPYIELD,WHEAT,TONNE_HA,A,2018,3.185,
44,KOR,CROPYIELD,WHEAT,TONNE_HA,A,2019,3.195,
45,KOR,CROPYIELD,WHEAT,TONNE_HA,A,2020,3.203,
46,KOR,CROPYIELD,WHEAT,TONNE_HA,A,2021,3.211,
47,KOR,CROPYIELD,WHEAT,TONNE_HA,A,2022,3.218,
48,KOR,CROPYIELD,WHEAT,TONNE_HA,A,2023,3.226,
49,KOR,CROPYIELD,WHEAT,TONNE_HA,A,2024,3.233,
50,KOR,CROPYIELD,WHEAT,TONNE_HA,A,2025,3.241,
51,KOR,CROPYIELD,WHEAT,TONNE_HA,A,2026,3.248,
52,KOR,CROPYIELD,WHEAT,TONNE_HA,A,2027,3.255,
53,KOR,CROPYIELD,WHEAT,TONNE_HA,A,2028,3.262,
54,KOR,CROPYIELD,WHEAT,TONNE_HA,A,2029,3.269,
55,KOR,CROPYIELD,WHEAT,TONNE_HA,A,2030,3.277,
56,MEX,CROPYIELD,WHEAT,TONNE_HA,A,2017,5.297,
57,MEX,CROPYIELD,WHEAT,TONNE_HA,A,2018,5.437,
58,MEX,CROPYIELD,WHEAT,TONNE_HA,A,2019,5.546,
59,MEX,CROPYIELD,WHEAT,TONNE_HA,A,2020,5.325,
60,MEX,CROPYIELD,WHEAT,TONNE_HA,A,2021,5.351,
61,MEX,CROPYIELD,WHEAT,TONNE_HA,A,2022,5.375,
62,MEX,CROPYIELD,WHEAT,TONNE_HA,A,2023,5.417,
63,MEX,CROPYIELD,WHEAT,TONNE_HA,A,2024,5.436,
64,MEX,CROPYIELD,WHEAT,TONNE_HA,A,2025,5.449,
65,MEX,CROPYIELD,WHEAT,TONNE_HA,A,2026,5.475,
66,MEX,CROPYIELD,WHEAT,TONNE_HA,A,2027,5.506,
67,MEX,CROPYIELD,WHEAT,TONNE_HA,A,2028,5.534,
68,MEX,CROPYIELD,WHEAT,TONNE_HA,A,2029,5.561,
69,MEX,CROPYIELD,WHEAT,TONNE_HA,A,2030,5.585,
70,NZL,CROPYIELD,WHEAT,TONNE_HA,A,2017,9.883,
71,NZL,CROPYIELD,WHEAT,TONNE_HA,A,2018,8.961,
72,NZL,CROPYIELD,WHEAT,TONNE_HA,A,2019,8.847,
73,NZL,CROPYIELD,WHEAT,TONNE_HA,A,2020,10.929,
74,NZL,CROPYIELD,WHEAT,TONNE_HA,A,2021,10.962,
75,NZL,CROPYIELD,WHEAT,TONNE_HA,A,2022,10.995,
76,NZL,CROPYIELD,WHEAT,TONNE_HA,A,2023,11.041,
77,NZL,CROPYIELD,WHEAT,TONNE_HA,A,2024,11.069,
78,NZL,CROPYIELD,WHEAT,TONNE_HA,A,2025,11.091,
79,NZL,CROPYIELD,WHEAT,TONNE_HA,A,2026,11.125,
80,NZL,CROPYIELD,WHEAT,TONNE_HA,A,2027,11.162,
81,NZL,CROPYIELD,WHEAT,TONNE_HA,A,2028,11.198,
82,NZL,CROPYIELD,WHEAT,TONNE_HA,A,2029,11.234,
83,NZL,CROPYIELD,WHEAT,TONNE_HA,A,2030,11.266,
84,TUR,CROPYIELD,WHEAT,TONNE_HA,A,2017,2.774,
85,TUR,CROPYIELD,WHEAT,TONNE_HA,A,2018,2.576,
86,TUR,CROPYIELD,WHEAT,TONNE_HA,A,2019,2.458,
87,TUR,CROPYIELD,WHEAT,TONNE_HA,A,2020,2.646,
88,TUR,CROPYIELD,WHEAT,TONNE_HA,A,2021,2.663,
89,TUR,CROPYIELD,WHEAT,TONNE_HA,A,2022,2.697,
90,TUR,CROPYIELD,WHEAT,TONNE_HA,A,2023,2.729,
91,TUR,CROPYIELD,WHEAT,TONNE_HA,A,2024,2.765,
92,TUR,CROPYIELD,WHEAT,TONNE_HA,A,2025,2.801,
93,TUR,CROPYIELD,WHEAT,TONNE_HA,A,2026,2.842,
94,TUR,CROPYIELD,WHEAT,TONNE_HA,A,2027,2.883,
95,TUR,CROPYIELD,WHEAT,TONNE_HA,A,2028,2.924,
96,TUR,CROPYIELD,WHEAT,TONNE_HA,A,2029,2.966,
97,TUR,CROPYIELD,WHEAT,TONNE_HA,A,2030,3.008,
98,USA,CROPYIELD,WHEAT,TONNE_HA,A,2017,3.112,
99,USA,CROPYIELD,WHEAT,TONNE_HA,A,2018,3.201,
100,USA,CROPYIELD,WHEAT,TONNE_HA,A,2019,3.474,
101,USA,CROPYIELD,WHEAT,TONNE_HA,A,2020,3.346,
102,USA,CROPYIELD,WHEAT,TONNE_HA,A,2021,3.306,
103,USA,CROPYIELD,WHEAT,TONNE_HA,A,2022,3.334,
104,USA,CROPYIELD,WHEAT,TONNE_HA,A,2023,3.361,
105,USA,CROPYIELD,WHEAT,TONNE_HA,A,2024,3.387,
106,USA,CROPYIELD,WHEAT,TONNE_HA,A,2025,3.413,
107,USA,CROPYIELD,WHEAT,TONNE_HA,A,2026,3.44,
108,USA,CROPYIELD,WHEAT,TONNE_HA,A,2027,3.475,
109,USA,CROPYIELD,WHEAT,TONNE_HA,A,2028,3.521,
110,USA,CROPYIELD,WHEAT,TONNE_HA,A,2029,3.566,
111,USA,CROPYIELD,WHEAT,TONNE_HA,A,2030,3.609,
112,ARG,CROPYIELD,WHEAT,TONNE_HA,A,2017,3.12,
113,ARG,CROPYIELD,WHEAT,TONNE_HA,A,2018,3.094,
114,ARG,CROPYIELD,WHEAT,TONNE_HA,A,2019,2.862,
115,ARG,CROPYIELD,WHEAT,TONNE_HA,A,2020,2.567,
116,ARG,CROPYIELD,WHEAT,TONNE_HA,A,2021,2.941,
117,ARG,CROPYIELD,WHEAT,TONNE_HA,A,2022,2.97,
118,ARG,CROPYIELD,WHEAT,TONNE_HA,A,2023,3.008,
119,ARG,CROPYIELD,WHEAT,TONNE_HA,A,2024,3.035,
120,ARG,CROPYIELD,WHEAT,TONNE_HA,A,2025,3.059,
121,ARG,CROPYIELD,WHEAT,TONNE_HA,A,2026,3.09,
122,ARG,CROPYIELD,WHEAT,TONNE_HA,A,2027,3.123,
123,ARG,CROPYIELD,WHEAT,TONNE_HA,A,2028,3.155,
124,ARG,CROPYIELD,WHEAT,TONNE_HA,A,2029,3.188,
125,ARG,CROPYIELD,WHEAT,TONNE_HA,A,2030,3.219,
126,BRA,CROPYIELD,WHEAT,TONNE_HA,A,2017,2.088,
127,BRA,CROPYIELD,WHEAT,TONNE_HA,A,2018,2.66,
128,BRA,CROPYIELD,WHEAT,TONNE_HA,A,2019,2.204,
129,BRA,CROPYIELD,WHEAT,TONNE_HA,A,2020,2.717,
130,BRA,CROPYIELD,WHEAT,TONNE_HA,A,2021,2.527,
131,BRA,CROPYIELD,WHEAT,TONNE_HA,A,2022,2.557,
132,BRA,CROPYIELD,WHEAT,TONNE_HA,A,2023,2.59,
133,BRA,CROPYIELD,WHEAT,TONNE_HA,A,2024,2.618,
134,BRA,CROPYIELD,WHEAT,TONNE_HA,A,2025,2.646,
135,BRA,CROPYIELD,WHEAT,TONNE_HA,A,2026,2.675,
136,BRA,CROPYIELD,WHEAT,TONNE_HA,A,2027,2.706,
137,BRA,CROPYIELD,WHEAT,TONNE_HA,A,2028,2.737,
138,BRA,CROPYIELD,WHEAT,TONNE_HA,A,2029,2.767,
139,BRA,CROPYIELD,WHEAT,TONNE_HA,A,2030,2.796,
140,CHL,CROPYIELD,WHEAT,TONNE_HA,A,2017,6.225,
141,CHL,CROPYIELD,WHEAT,TONNE_HA,A,2018,6.286,
142,CHL,CROPYIELD,WHEAT,TONNE_HA,A,2019,6.004,
143,CHL,CROPYIELD,WHEAT,TONNE_HA,A,2020,5.98,
144,CHL,CROPYIELD,WHEAT,TONNE_HA,A,2021,6.01,
145,CHL,CROPYIELD,WHEAT,TONNE_HA,A,2022,6.039,
146,CHL,CROPYIELD,WHEAT,TONNE_HA,A,2023,6.077,
147,CHL,CROPYIELD,WHEAT,TONNE_HA,A,2024,6.105,
148,CHL,CROPYIELD,WHEAT,TONNE_HA,A,2025,6.129,
149,CHL,CROPYIELD,WHEAT,TONNE_HA,A,2026,6.16,
150,CHL,CROPYIELD,WHEAT,TONNE_HA,A,2027,6.193,
151,CHL,CROPYIELD,WHEAT,TONNE_HA,A,2028,6.225,
152,CHL,CROPYIELD,WHEAT,TONNE_HA,A,2029,6.258,
153,CHL,CROPYIELD,WHEAT,TONNE_HA,A,2030,6.288,
154,CHN,CROPYIELD,WHEAT,TONNE_HA,A,2017,5.481,
155,CHN,CROPYIELD,WHEAT,TONNE_HA,A,2018,5.417,
156,CHN,CROPYIELD,WHEAT,TONNE_HA,A,2019,5.631,
157,CHN,CROPYIELD,WHEAT,TONNE_HA,A,2020,5.742,
158,CHN,CROPYIELD,WHEAT,TONNE_HA,A,2021,5.597,
159,CHN,CROPYIELD,WHEAT,TONNE_HA,A,2022,5.619,
160,CHN,CROPYIELD,WHEAT,TONNE_HA,A,2023,5.646,
161,CHN,CROPYIELD,WHEAT,TONNE_HA,A,2024,5.665,
162,CHN,CROPYIELD,WHEAT,TONNE_HA,A,2025,5.688,
163,CHN,CROPYIELD,WHEAT,TONNE_HA,A,2026,5.71,
164,CHN,CROPYIELD,WHEAT,TONNE_HA,A,2027,5.733,
165,CHN,CROPYIELD,WHEAT,TONNE_HA,A,2028,5.756,
166,CHN,CROPYIELD,WHEAT,TONNE_HA,A,2029,5.779,
167,CHN,CROPYIELD,WHEAT,TONNE_HA,A,2030,5.802,
168,COL,CROPYIELD,WHEAT,TONNE_HA,A,2017,2.068,
169,COL,CROPYIELD,WHEAT,TONNE_HA,A,2018,2.2,
170,COL,CROPYIELD,WHEAT,TONNE_HA,A,2019,1.0,
171,COL,CROPYIELD,WHEAT,TONNE_HA,A,2020,1.667,
172,COL,CROPYIELD,WHEAT,TONNE_HA,A,2021,1.6,
173,COL,CROPYIELD,WHEAT,TONNE_HA,A,2022,1.618,
174,COL,CROPYIELD,WHEAT,TONNE_HA,A,2023,1.641,
175,COL,CROPYIELD,WHEAT,TONNE_HA,A,2024,1.666,
176,COL,CROPYIELD,WHEAT,TONNE_HA,A,2025,1.69,
177,COL,CROPYIELD,WHEAT,TONNE_HA,A,2026,1.718,
178,COL,CROPYIELD,WHEAT,TONNE_HA,A,2027,1.744,
179,COL,CROPYIELD,WHEAT,TONNE_HA,A,2028,1.771,
180,COL,CROPYIELD,WHEAT,TONNE_HA,A,2029,1.798,
181,COL,CROPYIELD,WHEAT,TONNE_HA,A,2030,1.825,
182,EGY,CROPYIELD,WHEAT,TONNE_HA,A,2017,6.86,
183,EGY,CROPYIELD,WHEAT,TONNE_HA,A,2018,6.296,
184,EGY,CROPYIELD,WHEAT,TONNE_HA,A,2019,6.383,
185,EGY,CROPYIELD,WHEAT,TONNE_HA,A,2020,6.316,
186,EGY,CROPYIELD,WHEAT,TONNE_HA,A,2021,6.466,
187,EGY,CROPYIELD,WHEAT,TONNE_HA,A,2022,6.545,
188,EGY,CROPYIELD,WHEAT,TONNE_HA,A,2023,6.644,
189,EGY,CROPYIELD,WHEAT,TONNE_HA,A,2024,6.747,
190,EGY,CROPYIELD,WHEAT,TONNE_HA,A,2025,6.849,
191,EGY,CROPYIELD,WHEAT,TONNE_HA,A,2026,6.961,
192,EGY,CROPYIELD,WHEAT,TONNE_HA,A,2027,7.071,
193,EGY,CROPYIELD,WHEAT,TONNE_HA,A,2028,7.182,
194,EGY,CROPYIELD,WHEAT,TONNE_HA,A,2029,7.295,
195,EGY,CROPYIELD,WHEAT,TONNE_HA,A,2030,7.406,
196,ETH,CROPYIELD,WHEAT,TONNE_HA,A,2017,2.866,
197,ETH,CROPYIELD,WHEAT,TONNE_HA,A,2018,2.986,
198,ETH,CROPYIELD,WHEAT,TONNE_HA,A,2019,3.281,
199,ETH,CROPYIELD,WHEAT,TONNE_HA,A,2020,3.117,
200,ETH,CROPYIELD,WHEAT,TONNE_HA,A,2021,3.208,
201,ETH,CROPYIELD,WHEAT,TONNE_HA,A,2022,3.26,
202,ETH,CROPYIELD,WHEAT,TONNE_HA,A,2023,3.324,
203,ETH,CROPYIELD,WHEAT,TONNE_HA,A,2024,3.38,
204,ETH,CROPYIELD,WHEAT,TONNE_HA,A,2025,3.43,
205,ETH,CROPYIELD,WHEAT,TONNE_HA,A,2026,3.485,
206,ETH,CROPYIELD,WHEAT,TONNE_HA,A,2027,3.54,
207,ETH,CROPYIELD,WHEAT,TONNE_HA,A,2028,3.595,
208,ETH,CROPYIELD,WHEAT,TONNE_HA,A,2029,3.651,
209,ETH,CROPYIELD,WHEAT,TONNE_HA,A,2030,3.707,
210,IND,CROPYIELD,WHEAT,TONNE_HA,A,2017,3.2,
211,IND,CROPYIELD,WHEAT,TONNE_HA,A,2018,3.377,
212,IND,CROPYIELD,WHEAT,TONNE_HA,A,2019,3.461,
213,IND,CROPYIELD,WHEAT,TONNE_HA,A,2020,3.362,
214,IND,CROPYIELD,WHEAT,TONNE_HA,A,2021,3.396,
215,IND,CROPYIELD,WHEAT,TONNE_HA,A,2022,3.43,
216,IND,CROPYIELD,WHEAT,TONNE_HA,A,2023,3.464,
217,IND,CROPYIELD,WHEAT,TONNE_HA,A,2024,3.499,
218,IND,CROPYIELD,WHEAT,TONNE_HA,A,2025,3.534,
219,IND,CROPYIELD,WHEAT,TONNE_HA,A,2026,3.569,
220,IND,CROPYIELD,WHEAT,TONNE_HA,A,2027,3.605,
221,IND,CROPYIELD,WHEAT,TONNE_HA,A,2028,3.641,
222,IND,CROPYIELD,WHEAT,TONNE_HA,A,2029,3.677,
223,IND,CROPYIELD,WHEAT,TONNE_HA,A,2030,3.714,
224,IDN,CROPYIELD,WHEAT,TONNE_HA,A,2017,1.0,
225,IDN,CROPYIELD,WHEAT,TONNE_HA,A,2018,1.0,
226,IDN,CROPYIELD,WHEAT,TONNE_HA,A,2019,1.0,
227,IDN,CROPYIELD,WHEAT,TONNE_HA,A,2020,1.0,
228,IDN,CROPYIELD,WHEAT,TONNE_HA,A,2021,1.03,
229,IDN,CROPYIELD,WHEAT,TONNE_HA,A,2022,1.043,
230,IDN,CROPYIELD,WHEAT,TONNE_HA,A,2023,1.058,
231,IDN,CROPYIELD,WHEAT,TONNE_HA,A,2024,1.074,
232,IDN,CROPYIELD,WHEAT,TONNE_HA,A,2025,1.091,
233,IDN,CROPYIELD,WHEAT,TONNE_HA,A,2026,1.108,
234,IDN,CROPYIELD,WHEAT,TONNE_HA,A,2027,1.126,
235,IDN,CROPYIELD,WHEAT,TONNE_HA,A,2028,1.143,
236,IDN,CROPYIELD,WHEAT,TONNE_HA,A,2029,1.161,
237,IDN,CROPYIELD,WHEAT,TONNE_HA,A,2030,1.179,
238,IRN,CROPYIELD,WHEAT,TONNE_HA,A,2017,2.09,
239,IRN,CROPYIELD,WHEAT,TONNE_HA,A,2018,2.164,
240,IRN,CROPYIELD,WHEAT,TONNE_HA,A,2019,2.37,
241,IRN,CROPYIELD,WHEAT,TONNE_HA,A,2020,2.288,
242,IRN,CROPYIELD,WHEAT,TONNE_HA,A,2021,2.299,
243,IRN,CROPYIELD,WHEAT,TONNE_HA,A,2022,2.311,
244,IRN,CROPYIELD,WHEAT,TONNE_HA,A,2023,2.325,
245,IRN,CROPYIELD,WHEAT,TONNE_HA,A,2024,2.336,
246,IRN,CROPYIELD,WHEAT,TONNE_HA,A,2025,2.346,
247,IRN,CROPYIELD,WHEAT,TONNE_HA,A,2026,2.357,
248,IRN,CROPYIELD,WHEAT,TONNE_HA,A,2027,2.369,
249,IRN,CROPYIELD,WHEAT,TONNE_HA,A,2028,2.382,
250,IRN,CROPYIELD,WHEAT,TONNE_HA,A,2029,2.394,
251,IRN,CROPYIELD,WHEAT,TONNE_HA,A,2030,2.406,
252,KAZ,CROPYIELD,WHEAT,TONNE_HA,A,2017,1.243,
253,KAZ,CROPYIELD,WHEAT,TONNE_HA,A,2018,1.228,
254,KAZ,CROPYIELD,WHEAT,TONNE_HA,A,2019,1.006,
255,KAZ,CROPYIELD,WHEAT,TONNE_HA,A,2020,1.182,
256,KAZ,CROPYIELD,WHEAT,TONNE_HA,A,2021,1.174,
257,KAZ,CROPYIELD,WHEAT,TONNE_HA,A,2022,1.186,
258,KAZ,CROPYIELD,WHEAT,TONNE_HA,A,2023,1.2,
259,KAZ,CROPYIELD,WHEAT,TONNE_HA,A,2024,1.218,
260,KAZ,CROPYIELD,WHEAT,TONNE_HA,A,2025,1.234,
261,KAZ,CROPYIELD,WHEAT,TONNE_HA,A,2026,1.252,
262,KAZ,CROPYIELD,WHEAT,TONNE_HA,A,2027,1.27,
263,KAZ,CROPYIELD,WHEAT,TONNE_HA,A,2028,1.288,
264,KAZ,CROPYIELD,WHEAT,TONNE_HA,A,2029,1.306,
265,KAZ,CROPYIELD,WHEAT,TONNE_HA,A,2030,1.325,
266,MYS,CROPYIELD,WHEAT,TONNE_HA,A,2017,1.0,
267,MYS,CROPYIELD,WHEAT,TONNE_HA,A,2018,1.0,
268,MYS,CROPYIELD,WHEAT,TONNE_HA,A,2019,1.0,
269,MYS,CROPYIELD,WHEAT,TONNE_HA,A,2020,1.0,
270,MYS,CROPYIELD,WHEAT,TONNE_HA,A,2021,1.029,
271,MYS,CROPYIELD,WHEAT,TONNE_HA,A,2022,1.041,
272,MYS,CROPYIELD,WHEAT,TONNE_HA,A,2023,1.056,
273,MYS,CROPYIELD,WHEAT,TONNE_HA,A,2024,1.071,
274,MYS,CROPYIELD,WHEAT,TONNE_HA,A,2025,1.087,
275,MYS,CROPYIELD,WHEAT,TONNE_HA,A,2026,1.104,
276,MYS,CROPYIELD,WHEAT,TONNE_HA,A,2027,1.121,
277,MYS,CROPYIELD,WHEAT,TONNE_HA,A,2028,1.138,
278,MYS,CROPYIELD,WHEAT,TONNE_HA,A,2029,1.156,
279,MYS,CROPYIELD,WHEAT,TONNE_HA,A,2030,1.173,
280,NGA,CROPYIELD,WHEAT,TONNE_HA,A,2017,2.114,
281,NGA,CROPYIELD,WHEAT,TONNE_HA,A,2018,2.114,
282,NGA,CROPYIELD,WHEAT,TONNE_HA,A,2019,1.465,
283,NGA,CROPYIELD,WHEAT,TONNE_HA,A,2020,1.526,
284,NGA,CROPYIELD,WHEAT,TONNE_HA,A,2021,1.727,
285,NGA,CROPYIELD,WHEAT,TONNE_HA,A,2022,1.748,
286,NGA,CROPYIELD,WHEAT,TONNE_HA,A,2023,1.767,
287,NGA,CROPYIELD,WHEAT,TONNE_HA,A,2024,1.793,
288,NGA,CROPYIELD,WHEAT,TONNE_HA,A,2025,1.817,
289,NGA,CROPYIELD,WHEAT,TONNE_HA,A,2026,1.843,
290,NGA,CROPYIELD,WHEAT,TONNE_HA,A,2027,1.868,
291,NGA,CROPYIELD,WHEAT,TONNE_HA,A,2028,1.894,
292,NGA,CROPYIELD,WHEAT,TONNE_HA,A,2029,1.92,
293,NGA,CROPYIELD,WHEAT,TONNE_HA,A,2030,1.947,
294,PAK,CROPYIELD,WHEAT,TONNE_HA,A,2017,2.973,
295,PAK,CROPYIELD,WHEAT,TONNE_HA,A,2018,2.851,
296,PAK,CROPYIELD,WHEAT,TONNE_HA,A,2019,2.787,
297,PAK,CROPYIELD,WHEAT,TONNE_HA,A,2020,2.869,
298,PAK,CROPYIELD,WHEAT,TONNE_HA,A,2021,2.939,
299,PAK,CROPYIELD,WHEAT,TONNE_HA,A,2022,2.963,
300,PAK,CROPYIELD,WHEAT,TONNE_HA,A,2023,3.009,
301,PAK,CROPYIELD,WHEAT,TONNE_HA,A,2024,3.055,
302,PAK,CROPYIELD,WHEAT,TONNE_HA,A,2025,3.1,
303,PAK,CROPYIELD,WHEAT,TONNE_HA,A,2026,3.151,
304,PAK,CROPYIELD,WHEAT,TONNE_HA,A,2027,3.199,
305,PAK,CROPYIELD,WHEAT,TONNE_HA,A,2028,3.248,
306,PAK,CROPYIELD,WHEAT,TONNE_HA,A,2029,3.297,
307,PAK,CROPYIELD,WHEAT,TONNE_HA,A,2030,3.346,
308,PRY,CROPYIELD,WHEAT,TONNE_HA,A,2017,1.68,
309,PRY,CROPYIELD,WHEAT,TONNE_HA,A,2018,2.8,
310,PRY,CROPYIELD,WHEAT,TONNE_HA,A,2019,2.71,
311,PRY,CROPYIELD,WHEAT,TONNE_HA,A,2020,2.66,
312,PRY,CROPYIELD,WHEAT,TONNE_HA,A,2021,2.666,
313,PRY,CROPYIELD,WHEAT,TONNE_HA,A,2022,2.673,
314,PRY,CROPYIELD,WHEAT,TONNE_HA,A,2023,2.682,
315,PRY,CROPYIELD,WHEAT,TONNE_HA,A,2024,2.689,
316,PRY,CROPYIELD,WHEAT,TONNE_HA,A,2025,2.693,
317,PRY,CROPYIELD,WHEAT,TONNE_HA,A,2026,2.699,
318,PRY,CROPYIELD,WHEAT,TONNE_HA,A,2027,2.707,
319,PRY,CROPYIELD,WHEAT,TONNE_HA,A,2028,2.714,
320,PRY,CROPYIELD,WHEAT,TONNE_HA,A,2029,2.721,
321,PRY,CROPYIELD,WHEAT,TONNE_HA,A,2030,2.728,
322,PER,CROPYIELD,WHEAT,TONNE_HA,A,2017,1.506,
323,PER,CROPYIELD,WHEAT,TONNE_HA,A,2018,1.542,
324,PER,CROPYIELD,WHEAT,TONNE_HA,A,2019,1.593,
325,PER,CROPYIELD,WHEAT,TONNE_HA,A,2020,1.436,
326,PER,CROPYIELD,WHEAT,TONNE_HA,A,2021,1.568,
327,PER,CROPYIELD,WHEAT,TONNE_HA,A,2022,1.588,
328,PER,CROPYIELD,WHEAT,TONNE_HA,A,2023,1.612,
329,PER,CROPYIELD,WHEAT,TONNE_HA,A,2024,1.637,
330,PER,CROPYIELD,WHEAT,TONNE_HA,A,2025,1.661,
331,PER,CROPYIELD,WHEAT,TONNE_HA,A,2026,1.688,
332,PER,CROPYIELD,WHEAT,TONNE_HA,A,2027,1.715,
333,PER,CROPYIELD,WHEAT,TONNE_HA,A,2028,1.742,
334,PER,CROPYIELD,WHEAT,TONNE_HA,A,2029,1.769,
335,PER,CROPYIELD,WHEAT,TONNE_HA,A,2030,1.796,
336,PHL,CROPYIELD,WHEAT,TONNE_HA,A,2017,1.0,
337,PHL,CROPYIELD,WHEAT,TONNE_HA,A,2018,1.0,
338,PHL,CROPYIELD,WHEAT,TONNE_HA,A,2019,1.0,
339,PHL,CROPYIELD,WHEAT,TONNE_HA,A,2020,1.0,
340,PHL,CROPYIELD,WHEAT,TONNE_HA,A,2021,1.026,
341,PHL,CROPYIELD,WHEAT,TONNE_HA,A,2022,1.038,
342,PHL,CROPYIELD,WHEAT,TONNE_HA,A,2023,1.053,
343,PHL,CROPYIELD,WHEAT,TONNE_HA,A,2024,1.069,
344,PHL,CROPYIELD,WHEAT,TONNE_HA,A,2025,1.085,
345,PHL,CROPYIELD,WHEAT,TONNE_HA,A,2026,1.102,
346,PHL,CROPYIELD,WHEAT,TONNE_HA,A,2027,1.119,
347,PHL,CROPYIELD,WHEAT,TONNE_HA,A,2028,1.136,
348,PHL,CROPYIELD,WHEAT,TONNE_HA,A,2029,1.153,
349,PHL,CROPYIELD,WHEAT,TONNE_HA,A,2030,1.17,
350,RUS,CROPYIELD,WHEAT,TONNE_HA,A,2017,3.08,
351,RUS,CROPYIELD,WHEAT,TONNE_HA,A,2018,2.646,
352,RUS,CROPYIELD,WHEAT,TONNE_HA,A,2019,2.65,
353,RUS,CROPYIELD,WHEAT,TONNE_HA,A,2020,2.821,
354,RUS,CROPYIELD,WHEAT,TONNE_HA,A,2021,2.786,
355,RUS,CROPYIELD,WHEAT,TONNE_HA,A,2022,2.81,
356,RUS,CROPYIELD,WHEAT,TONNE_HA,A,2023,2.839,
357,RUS,CROPYIELD,WHEAT,TONNE_HA,A,2024,2.862,
358,RUS,CROPYIELD,WHEAT,TONNE_HA,A,2025,2.885,
359,RUS,CROPYIELD,WHEAT,TONNE_HA,A,2026,2.91,
360,RUS,CROPYIELD,WHEAT,TONNE_HA,A,2027,2.936,
361,RUS,CROPYIELD,WHEAT,TONNE_HA,A,2028,2.961,
362,RUS,CROPYIELD,WHEAT,TONNE_HA,A,2029,2.987,
363,RUS,CROPYIELD,WHEAT,TONNE_HA,A,2030,3.011,
364,SAU,CROPYIELD,WHEAT,TONNE_HA,A,2017,5.0,
365,SAU,CROPYIELD,WHEAT,TONNE_HA,A,2018,6.534,
366,SAU,CROPYIELD,WHEAT,TONNE_HA,A,2019,1.818,
367,SAU,CROPYIELD,WHEAT,TONNE_HA,A,2020,5.051,
368,SAU,CROPYIELD,WHEAT,TONNE_HA,A,2021,4.042,
369,SAU,CROPYIELD,WHEAT,TONNE_HA,A,2022,4.09,
370,SAU,CROPYIELD,WHEAT,TONNE_HA,A,2023,4.148,
371,SAU,CROPYIELD,WHEAT,TONNE_HA,A,2024,4.212,
372,SAU,CROPYIELD,WHEAT,TONNE_HA,A,2025,4.273,
373,SAU,CROPYIELD,WHEAT,TONNE_HA,A,2026,4.341,
374,SAU,CROPYIELD,WHEAT,TONNE_HA,A,2027,4.408,
375,SAU,CROPYIELD,WHEAT,TONNE_HA,A,2028,4.475,
376,SAU,CROPYIELD,WHEAT,TONNE_HA,A,2029,4.543,
377,SAU,CROPYIELD,WHEAT,TONNE_HA,A,2030,4.61,
378,ZAF,CROPYIELD,WHEAT,TONNE_HA,A,2017,3.04,
379,ZAF,CROPYIELD,WHEAT,TONNE_HA,A,2018,3.711,
380,ZAF,CROPYIELD,WHEAT,TONNE_HA,A,2019,2.843,
381,ZAF,CROPYIELD,WHEAT,TONNE_HA,A,2020,4.213,
382,ZAF,CROPYIELD,WHEAT,TONNE_HA,A,2021,3.679,
383,ZAF,CROPYIELD,WHEAT,TONNE_HA,A,2022,3.72,
384,ZAF,CROPYIELD,WHEAT,TONNE_HA,A,2023,3.777,
385,ZAF,CROPYIELD,WHEAT,TONNE_HA,A,2024,3.83,
386,ZAF,CROPYIELD,WHEAT,TONNE_HA,A,2025,3.882,
387,ZAF,CROPYIELD,WHEAT,TONNE_HA,A,2026,3.937,
388,ZAF,CROPYIELD,WHEAT,TONNE_HA,A,2027,3.992,
389,ZAF,CROPYIELD,WHEAT,TONNE_HA,A,2028,4.048,
390,ZAF,CROPYIELD,WHEAT,TONNE_HA,A,2029,4.105,
391,ZAF,CROPYIELD,WHEAT,TONNE_HA,A,2030,4.164,
392,THA,CROPYIELD,WHEAT,TONNE_HA,A,2017,1.3,
393,THA,CROPYIELD,WHEAT,TONNE_HA,A,2018,1.3,
394,THA,CROPYIELD,WHEAT,TONNE_HA,A,2019,1.0,
395,THA,CROPYIELD,WHEAT,TONNE_HA,A,2020,1.0,
396,THA,CROPYIELD,WHEAT,TONNE_HA,A,2021,1.122,
397,THA,CROPYIELD,WHEAT,TONNE_HA,A,2022,1.136,
398,THA,CROPYIELD,WHEAT,TONNE_HA,A,2023,1.153,
399,THA,CROPYIELD,WHEAT,TONNE_HA,A,2024,1.17,
400,THA,CROPYIELD,WHEAT,TONNE_HA,A,2025,1.188,
401,THA,CROPYIELD,WHEAT,TONNE_HA,A,2026,1.207,
402,THA,CROPYIELD,WHEAT,TONNE_HA,A,2027,1.226,
403,THA,CROPYIELD,WHEAT,TONNE_HA,A,2028,1.245,
404,THA,CROPYIELD,WHEAT,TONNE_HA,A,2029,1.264,
405,THA,CROPYIELD,WHEAT,TONNE_HA,A,2030,1.283,
406,UKR,CROPYIELD,WHEAT,TONNE_HA,A,2017,4.116,
407,UKR,CROPYIELD,WHEAT,TONNE_HA,A,2018,3.726,
408,UKR,CROPYIELD,WHEAT,TONNE_HA,A,2019,4.158,
409,UKR,CROPYIELD,WHEAT,TONNE_HA,A,2020,3.82,
410,UKR,CROPYIELD,WHEAT,TONNE_HA,A,2021,4.309,
411,UKR,CROPYIELD,WHEAT,TONNE_HA,A,2022,4.379,
412,UKR,CROPYIELD,WHEAT,TONNE_HA,A,2023,4.459,
413,UKR,CROPYIELD,WHEAT,TONNE_HA,A,2024,4.533,
414,UKR,CROPYIELD,WHEAT,TONNE_HA,A,2025,4.607,
415,UKR,CROPYIELD,WHEAT,TONNE_HA,A,2026,4.687,
416,UKR,CROPYIELD,WHEAT,TONNE_HA,A,2027,4.769,
417,UKR,CROPYIELD,WHEAT,TONNE_HA,A,2028,4.851,
418,UKR,CROPYIELD,WHEAT,TONNE_HA,A,2029,4.934,
419,UKR,CROPYIELD,WHEAT,TONNE_HA,A,2030,5.018,
420,VNM,CROPYIELD,WHEAT,TONNE_HA,A,2017,1.0,
421,VNM,CROPYIELD,WHEAT,TONNE_HA,A,2018,1.0,
422,VNM,CROPYIELD,WHEAT,TONNE_HA,A,2019,1.0,
423,VNM,CROPYIELD,WHEAT,TONNE_HA,A,2020,1.0,
424,VNM,CROPYIELD,WHEAT,TONNE_HA,A,2021,1.028,
425,VNM,CROPYIELD,WHEAT,TONNE_HA,A,2022,1.041,
426,VNM,CROPYIELD,WHEAT,TONNE_HA,A,2023,1.056,
427,VNM,CROPYIELD,WHEAT,TONNE_HA,A,2024,1.072,
428,VNM,CROPYIELD,WHEAT,TONNE_HA,A,2025,1.087,
429,VNM,CROPYIELD,WHEAT,TONNE_HA,A,2026,1.105,
430,VNM,CROPYIELD,WHEAT,TONNE_HA,A,2027,1.122,
431,VNM,CROPYIELD,WHEAT,TONNE_HA,A,2028,1.139,
432,VNM,CROPYIELD,WHEAT,TONNE_HA,A,2029,1.157,
433,VNM,CROPYIELD,WHEAT,TONNE_HA,A,2030,1.174,
434,WLD,CROPYIELD,WHEAT,TONNE_HA,A,2017,3.492,
435,WLD,CROPYIELD,WHEAT,TONNE_HA,A,2018,3.394,
436,WLD,CROPYIELD,WHEAT,TONNE_HA,A,2019,3.503,
437,WLD,CROPYIELD,WHEAT,TONNE_HA,A,2020,3.455,
438,WLD,CROPYIELD,WHEAT,TONNE_HA,A,2021,3.478,
439,WLD,CROPYIELD,WHEAT,TONNE_HA,A,2022,3.507,
440,WLD,CROPYIELD,WHEAT,TONNE_HA,A,2023,3.537,
441,WLD,CROPYIELD,WHEAT,TONNE_HA,A,2024,3.563,
442,WLD,CROPYIELD,WHEAT,TONNE_HA,A,2025,3.59,
443,WLD,CROPYIELD,WHEAT,TONNE_HA,A,2026,3.619,
444,WLD,CROPYIELD,WHEAT,TONNE_HA,A,2027,3.648,
445,WLD,CROPYIELD,WHEAT,TONNE_HA,A,2028,3.68,
446,WLD,CROPYIELD,WHEAT,TONNE_HA,A,2029,3.711,
447,WLD,CROPYIELD,WHEAT,TONNE_HA,A,2030,3.741,
448,OECD,CROPYIELD,WHEAT,TONNE_HA,A,2017,3.968,
449,OECD,CROPYIELD,WHEAT,TONNE_HA,A,2018,3.741,
450,OECD,CROPYIELD,WHEAT,TONNE_HA,A,2019,4.014,
451,OECD,CROPYIELD,WHEAT,TONNE_HA,A,2020,3.875,
452,OECD,CROPYIELD,WHEAT,TONNE_HA,A,2021,3.882,
453,OECD,CROPYIELD,WHEAT,TONNE_HA,A,2022,3.917,
454,OECD,CROPYIELD,WHEAT,TONNE_HA,A,2023,3.945,
455,OECD,CROPYIELD,WHEAT,TONNE_HA,A,2024,3.97,
456,OECD,CROPYIELD,WHEAT,TONNE_HA,A,2025,3.993,
457,OECD,CROPYIELD,WHEAT,TONNE_HA,A,2026,4.022,
458,OECD,CROPYIELD,WHEAT,TONNE_HA,A,2027,4.051,
459,OECD,CROPYIELD,WHEAT,TONNE_HA,A,2028,4.086,
460,OECD,CROPYIELD,WHEAT,TONNE_HA,A,2029,4.119,
461,OECD,CROPYIELD,WHEAT,TONNE_HA,A,2030,4.151,
462,BRICS,CROPYIELD,WHEAT,TONNE_HA,A,2017,3.785,
463,BRICS,CROPYIELD,WHEAT,TONNE_HA,A,2018,3.715,
464,BRICS,CROPYIELD,WHEAT,TONNE_HA,A,2019,3.762,
465,BRICS,CROPYIELD,WHEAT,TONNE_HA,A,2020,3.803,
466,BRICS,CROPYIELD,WHEAT,TONNE_HA,A,2021,3.755,
467,BRICS,CROPYIELD,WHEAT,TONNE_HA,A,2022,3.782,
468,BRICS,CROPYIELD,WHEAT,TONNE_HA,A,2023,3.808,
469,BRICS,CROPYIELD,WHEAT,TONNE_HA,A,2024,3.834,
470,BRICS,CROPYIELD,WHEAT,TONNE_HA,A,2025,3.858,
471,BRICS,CROPYIELD,WHEAT,TONNE_HA,A,2026,3.885,
472,BRICS,CROPYIELD,WHEAT,TONNE_HA,A,2027,3.911,
473,BRICS,CROPYIELD,WHEAT,TONNE_HA,A,2028,3.938,
474,BRICS,CROPYIELD,WHEAT,TONNE_HA,A,2029,3.965,
475,BRICS,CROPYIELD,WHEAT,TONNE_HA,A,2030,3.992,
476,NOR,CROPYIELD,WHEAT,TONNE_HA,A,2017,5.557,
477,NOR,CROPYIELD,WHEAT,TONNE_HA,A,2018,5.465,
478,NOR,CROPYIELD,WHEAT,TONNE_HA,A,2019,5.373,
479,NOR,CROPYIELD,WHEAT,TONNE_HA,A,2020,5.023,
480,NOR,CROPYIELD,WHEAT,TONNE_HA,A,2021,5.287,
481,NOR,CROPYIELD,WHEAT,TONNE_HA,A,2022,5.324,
482,NOR,CROPYIELD,WHEAT,TONNE_HA,A,2023,5.369,
483,NOR,CROPYIELD,WHEAT,TONNE_HA,A,2024,5.404,
484,NOR,CROPYIELD,WHEAT,TONNE_HA,A,2025,5.436,
485,NOR,CROPYIELD,WHEAT,TONNE_HA,A,2026,5.474,
486,NOR,CROPYIELD,WHEAT,TONNE_HA,A,2027,5.514,
487,NOR,CROPYIELD,WHEAT,TONNE_HA,A,2028,5.553,
488,NOR,CROPYIELD,WHEAT,TONNE_HA,A,2029,5.591,
489,NOR,CROPYIELD,WHEAT,TONNE_HA,A,2030,5.628,
490,CHE,CROPYIELD,WHEAT,TONNE_HA,A,2017,6.405,
491,CHE,CROPYIELD,WHEAT,TONNE_HA,A,2018,5.962,
492,CHE,CROPYIELD,WHEAT,TONNE_HA,A,2019,5.677,
493,CHE,CROPYIELD,WHEAT,TONNE_HA,A,2020,5.448,
494,CHE,CROPYIELD,WHEAT,TONNE_HA,A,2021,6.037,
495,CHE,CROPYIELD,WHEAT,TONNE_HA,A,2022,6.057,
496,CHE,CROPYIELD,WHEAT,TONNE_HA,A,2023,6.086,
497,CHE,CROPYIELD,WHEAT,TONNE_HA,A,2024,6.104,
498,CHE,CROPYIELD,WHEAT,TONNE_HA,A,2025,6.119,
499,CHE,CROPYIELD,WHEAT,TONNE_HA,A,2026,6.141,
500,CHE,CROPYIELD,WHEAT,TONNE_HA,A,2027,6.165,
501,CHE,CROPYIELD,WHEAT,TONNE_HA,A,2028,6.188,
502,CHE,CROPYIELD,WHEAT,TONNE_HA,A,2029,6.211,
503,CHE,CROPYIELD,WHEAT,TONNE_HA,A,2030,6.232,
504,ISR,CROPYIELD,WHEAT,TONNE_HA,A,2017,1.25,
505,ISR,CROPYIELD,WHEAT,TONNE_HA,A,2018,1.75,
506,ISR,CROPYIELD,WHEAT,TONNE_HA,A,2019,1.829,
507,ISR,CROPYIELD,WHEAT,TONNE_HA,A,2020,2.125,
508,ISR,CROPYIELD,WHEAT,TONNE_HA,A,2021,1.948,
509,ISR,CROPYIELD,WHEAT,TONNE_HA,A,2022,1.971,
510,ISR,CROPYIELD,WHEAT,TONNE_HA,A,2023,2.001,
511,ISR,CROPYIELD,WHEAT,TONNE_HA,A,2024,2.032,
512,ISR,CROPYIELD,WHEAT,TONNE_HA,A,2025,2.063,
513,ISR,CROPYIELD,WHEAT,TONNE_HA,A,2026,2.097,
514,ISR,CROPYIELD,WHEAT,TONNE_HA,A,2027,2.131,
515,ISR,CROPYIELD,WHEAT,TONNE_HA,A,2028,2.165,
516,ISR,CROPYIELD,WHEAT,TONNE_HA,A,2029,2.199,
517,ISR,CROPYIELD,WHEAT,TONNE_HA,A,2030,2.233,
518,GBR,CROPYIELD,WHEAT,TONNE_HA,A,2017,8.28,
519,GBR,CROPYIELD,WHEAT,TONNE_HA,A,2018,7.76,
520,GBR,CROPYIELD,WHEAT,TONNE_HA,A,2019,8.96,
521,GBR,CROPYIELD,WHEAT,TONNE_HA,A,2020,7.161,
522,GBR,CROPYIELD,WHEAT,TONNE_HA,A,2021,8.229,
523,GBR,CROPYIELD,WHEAT,TONNE_HA,A,2022,8.261,
524,GBR,CROPYIELD,WHEAT,TONNE_HA,A,2023,8.301,
525,GBR,CROPYIELD,WHEAT,TONNE_HA,A,2024,8.327,
526,GBR,CROPYIELD,WHEAT,TONNE_HA,A,2025,8.351,
527,GBR,CROPYIELD,WHEAT,TONNE_HA,A,2026,8.381,
528,GBR,CROPYIELD,WHEAT,TONNE_HA,A,2027,8.416,
529,GBR,CROPYIELD,WHEAT,TONNE_HA,A,2028,8.449,
530,GBR,CROPYIELD,WHEAT,TONNE_HA,A,2029,8.482,
531,GBR,CROPYIELD,WHEAT,TONNE_HA,A,2030,8.512,
